,names_of_dfs
0,2d_point_cloud_dep_v1.csv
1,2d_point_cloud_dep_v2.csv
2,2d_point_cloud_dep_v3.csv
3,2d_point_cloud_dep_v4.csv
4,2d_point_cloud_dep_v5.csv
5,2d_point_cloud_dep_v6.csv
6,2d_point_cloud_dep_v7.csv
7,2d_point_cloud_dep_v8.csv
8,2d_point_cloud_dep_v9.csv
9,2d_point_cloud_dep_v10.csv
10,2d_point_cloud_dep_v11.csv
11,2d_point_cloud_dep_v12.csv
12,2d_point_cloud_dep_v13.csv
13,2d_point_cloud_dep_v14.csv
14,2d_point_cloud_dep_v15.csv
15,2d_point_cloud_dep_v16.csv
16,2d_point_cloud_dep_v17.csv
17,2d_point_cloud_dep_v18.csv
18,2d_point_cloud_dep_v19.csv
19,2d_point_cloud_dep_v20.csv
20,2d_point_cloud_indep_v1.csv
21,2d_point_cloud_indep_v2.csv
22,2d_point_cloud_indep_v3.csv
23,2d_point_cloud_indep_v4.csv
24,2d_point_cloud_indep_v5.csv
25,2d_point_cloud_indep_v6.csv
26,2d_point_cloud_indep_v7.csv
27,2d_point_cloud_indep_v8.csv
28,2d_point_cloud_indep_v9.csv
29,2d_point_cloud_indep_v10.csv
30,2d_point_cloud_indep_v11.csv
31,2d_point_cloud_indep_v12.csv
32,2d_point_cloud_indep_v13.csv
33,2d_point_cloud_indep_v14.csv
34,2d_point_cloud_indep_v15.csv
35,2d_point_cloud_indep_v16.csv
36,2d_point_cloud_indep_v17.csv
37,2d_point_cloud_indep_v18.csv
38,2d_point_cloud_indep_v19.csv
39,2d_point_cloud_indep_v20.csv
